{

  "caard":[{
    "id": 1,
    "img": "/images/i.webp",
    "images":["/images/i1.webp","/images/ia1.webp","/images/iii1.webp","/images/iiii1.webp","/images/ib1.webp"],
    "title": "گوشی موبایل اپل مدل iPhone 16 CH دو سیم کارت ظرفیت 128 گیگابایت و رم 8 گیگابایت",
    "isAvailable": true,
    "takhfif": "۱۰٪",
    "price": "۹۹,۹۹۹,۰۰۰",
    "discount": "۹۳,۹۹۹,۰۰۰",
     "vige":true,
     "ersal":true,
     "tedad":"۳",
     "emtiaz":"۴.۴",
     "logo":"گوشی آیفون",
     "logoo":"موبایل"
     
  
    
  },
  {
   "id": 2,
    "img":"/images/ia.webp",
    "images":["/images/i1.webp","/images/ia1.webp","/images/iii1.webp","/images/iiii1.webp","/images/ib1.webp"],
    "title": "گوشی موبایل اپل مدل iPhone 13 Pro Max ZDA تک سیم‌ کارت ظرفیت 256 گیگابایت و رم 6 گیگابایت - نات اکتیو پارت نامبر F",
    "isAvailable":"",
    "takhfif": "۱۰٪",
    "price": "۹۲,۰۲۰,۰۰۰",
    "discount": "۸۲,۹۹۹,۰۰۰",
    "vige":"",
    "ersal":"",
    "tedad":"۳",
    "emtiaz":"۴.۴",
     "logo":"گوشی سامسونگ",
     "logoo":"موبایل"
     
  
    
  },
  {
   "id": 3,
    "img": "/images/iii.webp",
    "images":["/images/i1.webp","/images/ia1.webp","/images/iii1.webp","/images/iiii1.webp","/images/ib1.webp"],
    "title": "گوشی موبایل اپل مدل iPhone 13 CH دو سیم‌ کارت ظرفیت 256 گیگابایت و رم 4 گیگابایت - نات اکتیو",
    "isAvailable": true,
    "takhfif": "",
    "price": "",
    "discount": "۶۹,۹۹۹,۰۰۰",
    "vige":"",
    "ersal":true,
    "tedad":"۳",
     "emtiaz":"۴.۴",
     "logo":"گوشی شیائومی",
      "logoo":"موبایل"

      
    
  },
  {
   "id":4,
    "img":"/images/iiii.webp",
    "images":["/images/i1.webp","/images/ia1.webp","/images/iii1.webp","/images/iiii1.webp","/images/ib1.webp"],
    "title": "گوشی موبایل اپل مدل iPhone 13 Pro Max ZAA دو سیم‌ کارت ظرفیت 128 گیگابایت و رم 6 گیگابایت - نات اکتیو پارت نامبر F",
    "isAvailable": true,
    "takhfif": "",
    "price": "",
    "discount": "۸۲,۹۹۹,۰۰۰",
    "vige":"",
    "ersal":"",
    "tedad":"۳",
    "emtiaz":"۴.۴",
    "logo":"گوشی نوکیا",
     "logoo":"موبایل"

     
   
    
  },
  {
   "id":5,
    "img":"/images/ib.webp",
    "images":["/images/i1.webp","/images/ia1.webp","/images/iii1.webp","/images/iiii1.webp","/images/ib1.webp"],
    "title": "گوشی موبایل اپل مدل iPhone 13 Pro ZAA دو سیم‌ کارت ظرفیت 1ترابایت و رم 6 گیگابایت - نات اکتیو پارت نامبر F",
    "isAvailable": true,
    "takhfif": "۱۰٪",
    "price": "۹۹,۹۹۹,۰۰۰",
    "discount": "۹۳,۹۹۹,۰۰۰",
    "vige":"",
    "ersal":"",
    "tedad":"۳",
    "emtiaz":"۴.۴",
    "logo":"گوشی آنر",
   "logoo":"موبایل"

     
   
    
  },
 
  {
    "id": 6,
    "img": "/images/i.webp",
    "images":["/images/i1.webp","/images/ia1.webp","/images/iii1.webp","/images/iiii1.webp","/images/ib1.webp"],
    "title": "گوشی موبایل اپل مدل iPhone 16 CH دو سیم کارت ظرفیت 128 گیگابایت و رم 8 گیگابایت",
    "isAvailable": true,
    "takhfif": "۱۰٪",
    "price": "۹۹,۹۹۹,۰۰۰",
    "discount": "۹۳,۹۹۹,۰۰۰",
     "vige":true,
     "ersal":true,
     "tedad":"۳",
     "emtiaz":"۴.۴",
      "logoo":"موبایل"
     
  
    
  },
  {
   "id": 7,
    "img":"/images/ia.webp",
    "images":["/images/i1.webp","/images/ia1.webp","/images/iii1.webp","/images/iiii1.webp","/images/ib1.webp"],
    "title": "گوشی موبایل اپل مدل iPhone 13 Pro Max ZDA تک سیم‌ کارت ظرفیت 256 گیگابایت و رم 6 گیگابایت - نات اکتیو پارت نامبر F",
    "isAvailable":"",
    "takhfif": "۱۰٪",
    "price": "۹۲,۰۲۰,۰۰۰",
    "discount": "۸۲,۹۹۹,۰۰۰",
    "vige":"",
    "ersal":"",
    "tedad":"۳",
    "emtiaz":"۴.۴",
    "logoo":"موبایل"
     
  
    
  },
  {
   "id": 8,
    "img": "/images/iii.webp",
    "images":["/images/i1.webp","/images/ia1.webp","/images/iii1.webp","/images/iiii1.webp","/images/ib1.webp"],
    "title": "گوشی موبایل اپل مدل iPhone 13 CH دو سیم‌ کارت ظرفیت 256 گیگابایت و رم 4 گیگابایت - نات اکتیو",
    "isAvailable": true,
    "takhfif": "",
    "price": "",
    "discount": "۶۹,۹۹۹,۰۰۰",
    "vige":"",
    "ersal":true,
    "tedad":"۳",
     "emtiaz":"۴.۴",
    "logoo":"موبایل"
      
    
  },
  {
   "id":9,
    "img":"/images/iiii.webp",
    "images":["/images/i1.webp","/images/ia1.webp","/images/iii1.webp","/images/iiii1.webp","/images/ib1.webp"],
    "title": "گوشی موبایل اپل مدل iPhone 13 Pro Max ZAA دو سیم‌ کارت ظرفیت 128 گیگابایت و رم 6 گیگابایت - نات اکتیو پارت نامبر F",
    "isAvailable": true,
    "takhfif": "",
    "price": "",
    "discount": "۸۲,۹۹۹,۰۰۰",
    "vige":"",
    "ersal":"",
    "tedad":"۳",
    "emtiaz":"۴.۴",
    "logoo":"موبایل"
     
   
    
  },
  {
   "id":10,
    "img":"/images/ib.webp",
    "images":["/images/i1.webp","/images/ia1.webp","/images/iii1.webp","/images/iiii1.webp","/images/ib1.webp"],
    "title": "گوشی موبایل اپل مدل iPhone 13 Pro ZAA دو سیم‌ کارت ظرفیت 1ترابایت و رم 6 گیگابایت - نات اکتیو پارت نامبر F",
    "isAvailable": true,
    "takhfif": "۱۰٪",
    "price": "۹۹,۹۹۹,۰۰۰",
    "discount": "۹۳,۹۹۹,۰۰۰",
    "vige":"",
    "ersal":"",
    "tedad":"۳",
    "emtiaz":"۴.۴",
     "logoo":"موبایل"
     
   
    
  },
 
  {
    "id": 11,
    "img": "/images/i1.webp",
    "images":["/images/i1.webp","/images/ia1.webp","/images/iii1.webp","/images/iiii1.webp","/images/ib1.webp"],
    "title": "گوشی موبایل اپل مدل iPhone 16 CH دو سیم کارت ظرفیت 128 گیگابایت و رم 8 گیگابایت",
    "isAvailable": true,
    "takhfif": "۱۰٪",
    "price": "۹۹,۹۹۹,۰۰۰",
    "discount": "۹۳,۹۹۹,۰۰۰",
     "vige":true,
     "ersal":true,
     "tedad":"۳",
     "emtiaz":"۴.۴",
     "logoo":"موبایل"
     
  
    
  },
  {
   "id": 12,
    "img":"/images/ia.webp",
    "images":["/images/i1.webp","/images/ia1.webp","/images/iii1.webp","/images/iiii1.webp","/images/ib1.webp"],
    "title": "گوشی موبایل اپل مدل iPhone 13 Pro Max ZDA تک سیم‌ کارت ظرفیت 256 گیگابایت و رم 6 گیگابایت - نات اکتیو پارت نامبر F",
    "isAvailable":"",
    "takhfif": "۱۰٪",
    "price": "۹۲,۰۲۰,۰۰۰",
    "discount": "۸۲,۹۹۹,۰۰۰",
    "vige":"",
    "ersal":"",
    "tedad":"۳",
    "emtiaz":"۴.۴",
    "logoo":"موبایل"
     
  
    
  },
  {
   "id": 13,
    "img": "/images/iii.webp",
    "images":["/images/i1.webp","/images/ia1.webp","/images/iii1.webp","/images/iiii1.webp","/images/ib1.webp"],
    "title": "گوشی موبایل اپل مدل iPhone 13 CH دو سیم‌ کارت ظرفیت 256 گیگابایت و رم 4 گیگابایت - نات اکتیو",
    "isAvailable": true,
    "takhfif": "",
    "price": "",
    "discount": "۶۹,۹۹۹,۰۰۰",
    "vige":"",
    "ersal":true,
    "tedad":"۳",
     "emtiaz":"۴.۴",
     "logoo":"موبایل"
      
    
  },
  {
   "id":14,
    "img":"/images/iiii.webp",
    "images":["/images/i1.webp","/images/ia1.webp","/images/iii1.webp","/images/iiii1.webp","/images/ib1.webp"],
    "title": "گوشی موبایل اپل مدل iPhone 13 Pro Max ZAA دو سیم‌ کارت ظرفیت 128 گیگابایت و رم 6 گیگابایت - نات اکتیو پارت نامبر F",
    "isAvailable": true,
    "takhfif": "",
    "price": "",
    "discount": "۸۲,۹۹۹,۰۰۰",
    "vige":"",
    "ersal":"",
    "tedad":"۳",
    "emtiaz":"۴.۴",
    "logoo":"موبایل"
     
   
    
  },
  {
   "id":15,
    "img":"/images/ib.webp",
    "images":["/images/i1.webp","/images/ia1.webp","/images/iii1.webp","/images/iiii1.webp","/images/ib1.webp"],
    "title": "گوشی موبایل اپل مدل iPhone 13 Pro ZAA دو سیم‌ کارت ظرفیت 1ترابایت و رم 6 گیگابایت - نات اکتیو پارت نامبر F",
    "isAvailable": true,
    "takhfif": "۱۰٪",
    "price": "۹۹,۹۹۹,۰۰۰",
    "discount": "۹۳,۹۹۹,۰۰۰",
    "vige":"",
    "ersal":"",
    "tedad":"۳",
    "emtiaz":"۴.۴",
   "logoo":"موبایل"
     
   
    
  },
 
 {
    "id": 16,
    "img": "/images/i.webp",
    "images":["/images/i1.webp","/images/ia1.webp","/images/iii1.webp","/images/iiii1.webp","/images/ib1.webp"],
    "title": "گوشی موبایل اپل مدل iPhone 16 CH دو سیم کارت ظرفیت 128 گیگابایت و رم 8 گیگابایت",
    "isAvailable": true,
    "takhfif": "۱۰٪",
    "price": "۹۹,۹۹۹,۰۰۰",
    "discount": "۹۳,۹۹۹,۰۰۰",
     "vige":true,
     "ersal":true,
     "tedad":"۳",
     "emtiaz":"۴.۴",
   "logoo":"موبایل"
     
  
    
  },
  {
   "id": 17,
    "img":"/images/ia.webp",
    "images":["/images/i1.webp","/images/ia1.webp","/images/iii1.webp","/images/iiii1.webp","/images/ib1.webp"],
    "title": "گوشی موبایل اپل مدل iPhone 13 Pro Max ZDA تک سیم‌ کارت ظرفیت 256 گیگابایت و رم 6 گیگابایت - نات اکتیو پارت نامبر F",
    "isAvailable":"",
    "takhfif": "۱۰٪",
    "price": "۹۲,۰۲۰,۰۰۰",
    "discount": "۸۲,۹۹۹,۰۰۰",
    "vige":"",
    "ersal":"",
    "tedad":"۳",
    "logoo":"موبایل"
     
  
    
  },
  {
   "id":18,
    "img": "/images/iii.webp",
    "images":["/images/i1.webp","/images/ia1.webp","/images/iii1.webp","/images/iiii1.webp","/images/ib1.webp"],
    "title": "گوشی موبایل اپل مدل iPhone 13 CH دو سیم‌ کارت ظرفیت 256 گیگابایت و رم 4 گیگابایت - نات اکتیو",
    "isAvailable": true,
    "takhfif": "",
    "price": "",
    "discount": "۶۹,۹۹۹,۰۰۰",
    "vige":"",
    "ersal":true,
    "tedad":"۳",
     "emtiaz":"۴.۴",
     "logoo":"موبایل"
      
    
  },
  {
   "id":19,
    "img":"/images/iiii.webp",
    "images":["/images/i1.webp","/images/ia1.webp","/images/iii1.webp","/images/iiii1.webp","/images/ib1.webp"],
    "title": "گوشی موبایل اپل مدل iPhone 13 Pro Max ZAA دو سیم‌ کارت ظرفیت 128 گیگابایت و رم 6 گیگابایت - نات اکتیو پارت نامبر F",
    "isAvailable": true,
    "takhfif": "",
    "price": "",
    "discount": "۸۲,۹۹۹,۰۰۰",
    "vige":"",
    "ersal":"",
    "tedad":"۳",
    "emtiaz":"۴.۴",
    "logoo":"موبایل"
     
   
    
  },
  {
   "id":20,
    "img":"/images/ib.webp",
    "images":["/images/i1.webp","/images/ia1.webp","/images/iii1.webp","/images/iiii1.webp","/images/ib1.webp"],
    "title": "گوشی موبایل اپل مدل iPhone 13 Pro ZAA دو سیم‌ کارت ظرفیت 1ترابایت و رم 6 گیگابایت - نات اکتیو پارت نامبر F",
    "isAvailable": true,
    "takhfif": "۱۰٪",
    "price": "۹۹,۹۹۹,۰۰۰",
    "discount": "۹۳,۹۹۹,۰۰۰",
    "vige":"",
    "ersal":"",
    "tedad":"۳",
    "emtiaz":"۴.۴",
    "logoo":"موبایل"
     
   
    
  }
 
],






  "cardd":[{
  "id": 1,
  "Picture": "/images/kafsh.jpg",
  "title": "کفش نایک",
  "description": "کفش پیاده روی مردانه",
  "isAvailable": true,
  "takhfif": "۱۰٪",
  "price": "۲۹۹,۰۰۰",
  "discount": "۲۰۰,۰۰۰",
  "color": "white",
  "colorr": "#592878"
  
},
{
 "id": 2,
  "Picture": "/images/apple.jpg",
  "title": "آیفون 13 پرومکس",
  "description": "گوشی موبایل اپل آیفون",
  "isAvailable": true,
  "takhfif": "۱۰٪",
  "price": "۹۲,۰۲۰,۰۰۰",
  "discount": "۹۰,۰۲۰,۰۰۰",
  "color": "white",
  "colorr": "#592878"
  
},
{
 "id": 3,
  "Picture": "/images/chips.jpg",
  "title": "چیپس نمکی",
  "description": "چیپس نمکی مزمز",
  "isAvailable": true,
  "takhfif": "۱۰٪",
  "price": "۱۷,۹۰۰",
  "discount": "۱۶,۱۱۰",
  "color": "black",
  "colorr": "#08fff3"
  
},
{
 "id":4,
  "Picture": "/images/majic.jpg",
  "title": "ماژیک وایت برد",
  "description": "ماژیک وایت برد",
  "isAvailable": true,
  "takhfif": "۱۰٪",
  "price": "۵۱,۶۰۰",
  "discount": "۵۰,۶۰۰",
  "color": "black",
  "colorr": "#08fff3"
  
},
{
 "id":5,
  "Picture": "/images/sushert.jpg",
  "title": "سویشرت ورزشی",
  "description": "سویشرت ورزشی مردانه",
  "isAvailable": true,
  "takhfif": "۱۰٪",
  "price": "۴۷۰,۰۰۰",
  "discount": "۴۰۰,۰۰۰",
  "color": "black",
  "colorr": "#08fff3"
  
},
{
  "id": 6,
  "Picture": "/images/dril.jpg",
  "title": "دریل شارژی",
  "description": "دریل شارژی",
  "isAvailable": true,
  "takhfif": "۱۰٪",
  "price": "۱,۴۲۰,۰۰۰",
  "discount": "۱,۲۸۹,۰۰۰",
  "color": "white",
  "colorr": "#592878"
  
}],
"card":[{
 "id": 1,
  "Picture": "/images/kafsh.jpg",
  "title": "کفش نایک",
  "description": "کفش پیاده روی مردانه",
  "isAvailable": true,
  "takhfif": "۱۰٪",
  "price": "۲۹۹,۰۰۰",
  "discount": "۲۰۰,۰۰۰"
  
},
{
 "id": 2,
  "Picture": "/images/apple.jpg",
  "title": "آیفون 13 پرومکس",
  "description": "گوشی موبایل اپل آیفون",
  "isAvailable": true,
  "takhfif": "۱۰٪",
  "price": "۹۲,۰۲۰,۰۰۰",
  "discount": "۹۰,۰۲۰,۰۰۰"
 
},
{
"id":3,
  "Picture": "/images/chips.jpg",
  "title": "چیپس نمکی",
  "description": "چیپس نمکی مزمز",
  "isAvailable": true,
  "takhfif": "۱۰٪",
  "price": "۱۷,۹۰۰",
  "discount": "۱۶,۱۱۰"
 
},
{
 "id": 4,
  "Picture": "/images/majic.jpg",
  "title": "ماژیک وایت برد",
  "description": "ماژیک وایت برد",
  "isAvailable": true,
  "takhfif": "۱۰٪",
  "price": "۵۱,۶۰۰",
  "discount": "۵۰,۶۰۰"
  
},
{
 "id": 5,
  "Picture": "/images/sushert.jpg",
  "title": "سویشرت ورزشی",
  "description": "سویشرت ورزشی مردانه",
  "isAvailable": true,
  "takhfif": "۱۰٪",
  "price": "۴۷۰,۰۰۰",
  "discount": "۴۰۰,۰۰۰"
 
},
{
 "id": 6,
  "Picture": "/images/dril.jpg",
  "title": "دریل شارژی",
  "description": "دریل شارژی",
  "isAvailable": true,
  "takhfif": "۱۰٪",
  "price": "۱,۴۲۰,۰۰۰",
  "discount": "۱,۲۸۹,۰۰۰"

}],

"logo":[{
 "id": 1,
  "picture": "/images/23.webp"
},
{
 "id":2,
  "picture": "/images/24.webp"
},
{
 "id":3,
  "picture": "/images/25.webp"
},
{
 "id":4,
  "picture": "/images/26.webp"
},
{
 "id":5,
  "picture": "/images/27.png"
},
{
 "id": 6,
  "picture": "/images/28.png"
}],
  "pushakk":[{
 "id":1,
  "picture": "/images/21.webp"
},
{
"id":2,
  "picture": "/images/21.webp"
},
{
"id":3,
  "picture": "/images/21.webp"
},
{
"id": 4,
  "picture": "/images/21.webp"
},
{
 "id":5,
  "picture": "/images/21.webp"
},
{
 "id":6,
  "picture": "/images/21.webp"
},
{
 "id":7,
  "picture": "/images/21.webp"
},
{
 "id":8,
  "picture": "/images/21.webp"
},
{
 "id":9,
  "picture": "/images/21.webp"
},
{
  "id":10,
  "picture": "/images/21.webp"
}],
  "pushak":[{
 "id":1,
  "picture": "/images/22.webp"
},
{
"id": 2,
  "picture": "/images/22.webp"
},
{
 "id":3,
  "picture": "/images/22.webp"
},
{
"id":4,
  "picture": "/images/22.webp"
  
},
{
 "id": 5,
  "picture": "/images/22.webp"

},
{
 "id":6,
  "picture": "/images/22.webp"
 
},
{
 "id":7,
  "picture": "/images/22.webp"

},
{
 "id":8,
  "picture": "/images/22.webp"
 
},
{
 "id":9,
  "picture": "/images/22.webp"

},
{
 "id": 10,
  "picture": "/images/22.webp"
  
}],
  "swiperr":[
  {
  "id": 1,
    "img": "/images/kale.png",
    "title": "کاله",
    "description": "تولید کننده لبنیات"
    
  },
  {
  "id": 2,
    "img": "/images/pegah.png",
    "title": "صنایع شیر ایران",
    "description": "تولید کننده لبنیات"
    
  },
  {
   "id": 3,
    "img": "/images/minu.jpg",
    "title": "پارس مینو",
    "description": "تولید کننده صنعتی"
    
  },
  {
   "id": 4,
    "img": "/images/meli.jpg",
    "title": "کفش ملی",
    "description": "تولید کننده کفش"
    
  },
  {
   "id": 5,
    "img": "/images/sabah.jpg",
    "title": "لبنیات صباح",
    "description": "تولید کننده لبنیات"
    
  },
  {
   "id": 6,
    "img": "/images/sam.png",
    "title": "سامسونگ",
    "description": "لوازم الکترونیک"
    
  },
  {
   "id": 7,
    "img": "/images/lg.png",
    "title": "ال جی",
    "description": "لوازم الکترونیک"
    
  },
  {
   "id": 8,
    "img": "/images/applelogo.png",
    "title": "اپل",
    "description": "لوازم الکترونیک"
    
  },
  {
   "id": 9,
    "img": "/images/pana.png",
    "title": "پاناسونیک",
    "description": "لوازم الکترونیک"
    
  }],
    
    "Aa": [
        {
            "id": 1,
            "Picture": "/images/kafsh.jpg",
            "title": "کفش نایک",
            "description": "کفش پیاده روی مردانه",
            "isAvailable": true,
            "takhfif": "۱۰٪",
            "price": "۲۹۹,۰۰۰",
            "discount": "۲۰۰,۰۰۰",
             "color": "white",
            "colorr": "#592878"
            
        },
        {
            "id": 2,
            "Picture": "/images/apple.jpg",
            "title": "آیفون 13 پرومکس",
            "description": "گوشی موبایل اپل آیفون",
            "isAvailable": true,
            "takhfif": "۱۰٪",
            "price": "۹۲,۰۲۰,۰۰۰",
            "discount": "۹۰,۰۲۰,۰۰۰",
              "color": "white",
            "colorr": "#592878"
        },
        {
            "id": 3,
            "Picture": "/images/chips.jpg",
            "title": "چیپس نمکی",
            "description": "چیپس نمکی مزمز",
            "isAvailable": true,
            "takhfif": "۱۰٪",
            "price": "۱۷,۹۰۰",
            "discount": "۱۶,۱۱۰",
              "color": "black",
            "colorr": "#08fff3"
        },
        {
            "id": 4,
            "Picture": "/images/majic.jpg",
            "title": "ماژیک وایت برد",
            "description": "ماژیک وایت برد",
            "isAvailable": true,
            "takhfif": "۱۰٪",
            "price": "۵۱,۶۰۰",
            "discount": "۵۰,۶۰۰",
               "color": "black",
            "colorr": "#08fff3"
        },
        {
            "id": 5,
            "Picture": "/images/sushert.jpg",
            "title": "سویشرت ورزشی",
            "description": "سویشرت ورزشی مردانه",
            "isAvailable": true,
            "takhfif": "۱۰٪",
            "price": "۴۷۰,۰۰۰",
            "discount": "۴۰۰,۰۰۰",
               "color": "black",
            "colorr": "#08fff3"
        },
        {
            "id": 6,
            "Picture": "/images/dril.jpg",
            "title": "دریل شارژی",
            "description": "دریل شارژی",
            "isAvailable": true,
            "takhfif": "۱۰٪",
            "price": "۱,۴۲۰,۰۰۰",
            "discount": "۱,۲۸۹,۰۰۰",
             "color": "white",
            "colorr": "#592878"
        }
    ],
  
    "AA": [
        {
            "id": 1,
            "Picture": "/images/adidas.jpg",
            "title": "کفش آدیداس",
            "description": "کفش پیاده روی مردانه",
            "isAvailable": true,
            "takhfif": "۱۰٪",
            "price": "۲۹۹,۰۰۰",
            "discount": "۲۰۰,۰۰۰",
            "color": "white",
            "colorr": "#592878"
        },
        {
            "id": 2,
            "Picture": "/images/s24.jpg",
            "title": "گوشی سامسونگ",
            "description": "S24 گوشی موبایل سامسونگ ",
            "isAvailable": true,
            "takhfif": "۱۰٪",
            "price": "۹۲,۰۲۰,۰۰۰",
            "discount": "۹۰,۰۲۰,۰۰۰",
            "color": "white",
            "colorr": "#592878"
        },
        {
            "id": 3,
            "Picture": "/images/chitoz.jpg",
            "title": "چیپس نمکی",
            "description": "چیپس نمکی چی توز",
            "isAvailable": true,
            "takhfif": "۱۰٪",
            "price": "۱۷,۹۰۰",
            "discount": "۱۶,۱۱۰",
            "color": "black",
            "colorr": "#08fff3"
        },
        {
            "id": 4,
            "Picture": "/images/majiks.jpg",
            "title": "خودکار",
            "description": "خودکار چند رنگ",
            "isAvailable": true,
            "takhfif": "۱۰٪",
            "price": "۵۱,۶۰۰",
            "discount": "۵۰,۶۰۰",
            "color": "black",
            "colorr": "#08fff3"
        },
        {
            "id": 5,
            "Picture": "/images/nikii.jpg",
            "title": "تیشرت ",
            "description": "تیشرت نایک",
            "isAvailable": true,
            "takhfif": "۱۰٪",
            "price": "۴۷۰,۰۰۰",
            "discount": "۴۰۰,۰۰۰",
            "color": "black",
            "colorr": "#08fff3"
        },
        {
            "id": 6,
            "Picture": "/images/ps5.jpg",
            "title": "PS5",
            "description": " با دسته تکی PS5 ",
            "isAvailable": true,
            "takhfif": "۱۰٪",
            "price": "۱,۴۲۰,۰۰۰",
            "discount": "۱,۲۸۹,۰۰۰",
            "color": "white",
            "colorr": "#592878"
        }
    ],
    "AAA": [
        {
          "id": 1,
          "Picture": "/images/puma.jpg",
          "title": "کفش پوما",
          "description": "کفش پیاده روی مردانه",
          "isAvailable": true,
          "takhfif": "۱۰٪",
          "price": "۲۹۹,۰۰۰",
          "discount": "۲۰۰,۰۰۰",
          "color": "white",
          "colorr": "#592878"
        },
        {
          "id": 2,
          "Picture": "/images/shiaumi.jpg",
          "title": "گوشی شیائومی",
          "description": "گوشی موبایل شیائومی",
          "isAvailable": true,
          "takhfif": "۱۰٪",
          "price": "۹۲,۰۲۰,۰۰۰",
          "discount": "۹۰,۰۲۰,۰۰۰",
          "color": "white",
          "colorr": "#592878"
        },
        {
          "id": 3,
          "Picture": "/images/bato.jpg",
          "title": "چیپس نمکی",
          "description": "چیپس نمکی باتو",
          "isAvailable": true,
          "takhfif": "۱۰٪",
          "price": "۱۷,۹۰۰",
          "discount": "۱۶,۱۱۰",
          "color": "black",
          "colorr": "#08fff3"
        },
        {
          "id": 4,
          "Picture": "/images/medad.jpg",
          "title": "مداد چند تایی",
          "description": "مداد چند تایی",
          "isAvailable": true,
          "takhfif": "۱۰٪",
          "price": "۵۱,۶۰۰",
          "discount": "۵۰,۶۰۰",
          "color": "black",
          "colorr": "#08fff3"
        },
        {
          "id": 5,
          "Picture": "/images/hudi.jpg",
          "title": "هودی ورزشی",
          "description": "هودی ورزشی مردانه",
          "isAvailable": true,
          "takhfif": "۱۰٪",
          "price": "۴۷۰,۰۰۰",
          "discount": "۴۰۰,۰۰۰",
          "color": "black",
          "colorr": "#08fff3"
        },
        {
          "id": 6,
          "Picture": "/images/tablo.jpg",
          "title": "تابلو هنری",
          "description": "تابلو هنری فریم آرت",
          "isAvailable": true,
          "takhfif": "۱۰٪",
          "price": "۱,۴۲۰,۰۰۰",
          "discount": "۱,۲۸۹,۰۰۰",
          "color": "white",
          "colorr": "#592878"
        }
      ],

"JA":[
    { "id": 1, "picture": "/images/jamedad.webp" },
    { "id": 2, "picture": "/images/2 majic.webp" },
    { "id": 3, "picture": "/images/kule.webp" },
    { "id": 4, "picture": "/images/daftar.webp" }
  ],
"slides":[
  {
 
    "title": "موبایل",
    "items": [
      {
        "name": " برند های مختلف گوشی موبایل",
        "details": [
          "گوشی آیفون",
          "گوشی سامسونگ",
          "گوشی شیائومی",
          "گوشی نوکیا",
          "گوشی آنر",
          "گوشی ناتینگ فون"
        ]
      },
      {
        "name": "گوشی بر اساس قیمت",
        "details": [
          " گوشی موبایل ایران",
          " گوشی موبایل قسطی",
          " گوشی تا 2 میلیون تومان",
          " گوشی تا 5 میلیون تومان",
          " گوشی تا 7 میلیون تومان",
          " گوشی تا 15 میلیون تومان"
        ]
      },
      {
        "name": "لوازم جانبی موبایل",
        "details": [
          " شارژ گوشی",
          " قاب و کاور گوشی",
          " گلس گوشی",
          " هولدر گوشی موبایل",
          " کابل شارژ و مبدل",
          " پاور بانک (شارژ همراه)"
        ]
      },
      {
        "name": "داغ ترین ها",
        "details": [
          " گلکسی S21 Ultra",
          " گلکسی A54",
          " گلکسی A34",
          " گلکسی A24",
          " گلکسی A14",
          " گلکسی S23 FE"
        ]
      },
      {
        "name": "گوشی بر اساس عملکرد",
        "details": [
          " گوشی گیمینگ",
          " گوشی 5G",
          " گوشی دکمه ای",
          " گوشی ضد آب",
          " گوشی مناسب عکاسی",
          " گوشی میان رده"
        ]
      },
      {
        "name": "تبلت",
        "details": [
          " تبلت سامسونگ",
          " تبلت اپل (آی پد)",
          " تبلت شیائومی",
          " تبلت لنوو",
          " تبلت مایکروسافت",
          " تبلت دانش آموزی"
        ]
      },
      {
        "name": "هدفون",
        "details": [
          "هدفون بی سیم",
          " هدفون اپل(ایرپاد)",
          " هدفون بیتس",
          " هدفون سونی",
          " هدفون اپل",
          " هدقون سامسونگ(ایرپادز)"
        ]
      },
      {
        "name": "گوشی بر اساس حافظه داخلی",
        "details": [
          " گوشی تا 16 مگابایت",
          " گوشی تا 32 مگابایت",
          " گوشی تا 64 مگابایت",
          " گوشی تا 128 مگابایت",
          " گوشی تا 256 مگابایت",
          " گوشی تا 1 ترابایت"
        ]
      },
      {
        "name": "رزولوشن عکس",
        "details": [
          " گوشی تا 13 مگاپیکسل",
          " گوشی تا 16 مگاپیکسل",
          " گوشی تا 48 مگاپیکسل",
          " گوشی تا 64 مگاپیکسل",
          " گوشی تا 108 مگاپیکسل"
        ]
      }
    ]
  },
  {

  "title": " کتاب، لوازم تحریر و هنر",
  "items": [
    {
      "name": " کتاب، لوازم تحریر و هنر",
      "details": [
        "Detail 1",
        "Detail 2"
      ]
    },
    {
      "name": " کتاب، لوازم تحریر و هنر",
      "details": [
        "Detail 1",
        "Detail 2"
      ]
    },
    {
      "name": " کتاب، لوازم تحریر و هنر",
      "details": [
        "Detail 1",
        "Detail 2"
      ]
    }
  ]
},
{
 
  "title": "کالای دیجیتال",
  "items": [
    {
      "name": "کالای دیجیتال",
      "details": [
        "Detail 1",
        "Detail 2"
      ]
    },
    {
      "name": "کالای دیجیتال",
      "details": [
        "Detail 1",
        "Detail 2"
      ]
    },
    {
      "name": "کالای دیجیتال",
      "details": [
        "Detail 1",
        "Detail 2"
      ]
    }
  ]
},
{
 
  "title": " خانه و آشپزخانه",
  "items": [
    {
      "name": " خانه و آشپزخانه",
      "details": [
        "Detail 1",
        "Detail 2"
      ]
    },
    {
      "name": " خانه و آشپزخانه",
      "details": [
        "Detail 1",
        "Detail 2"
      ]
    },
    {
      "name": " خانه و آشپزخانه",
      "details": [
        "Detail 1",
        "Detail 2"
      ]
    }
  ]
},
{
 
  "title": " لوازم خانگی برقی",
  "items": [
    {
      "name": " لوازم خانگی برقی",
      "details": [
        "Detail 1",
        "Detail 2"
      ]
    },
    {
      "name": " لوازم خانگی برقی",
      "details": [
        "Detail 1",
        "Detail 2"
      ]
    },
    {
      "name": " لوازم خانگی برقی",
      "details": [
        "Detail 1",
        "Detail 2"
      ]
    }
  ]
},
{

  "title": " مد و پوشاک",
  "items": [
    {
      "name": " مد و پوشاک",
      "details": [
        "Detail 1",
        "Detail 2"
      ]
    },
    {
      "name": " مد و پوشاک",
      "details": [
        "Detail 1",
        "Detail 2"
      ]
    },
    {
      "name": " مد و پوشاک",
      "details": [
        "Detail 1",
        "Detail 2"
      ]
    }
  ]
},
{
 
  "title": " طلا و نقره",
  "items": [
    {
      "name": " طلا و نقره",
      "details": [
        "Detail 1",
        "Detail 2"
      ]
    },
    {
      "name": " طلا و نقره",
      "details": [
        "Detail 1",
        "Detail 2"
      ]
    },
    {
      "name": " طلا و نقره",
      "details": [
        "Detail 1",
        "Detail 2"
      ]
    }
  ]
},
{
 
  "title": " آرایشی بهداشتی",
  "items": [
    {
      "name": " آرایشی بهداشتی",
      "details": [
        "Detail 1",
        "Detail 2"
      ]
    },
    {
      "name": " آرایشی بهداشتی",
      "details": [
        "Detail 1",
        "Detail 2"
      ]
    },
    {
      "name": " آرایشی بهداشتی",
      "details": [
        "Detail 1",
        "Detail 2"
      ]
    }
  ]
},
{
 
  "title": " تجهیزات پزشکی و سلامت",
  "items": [
    {
      "name": " تجهیزات پزشکی و سلامت",
      "details": [
        "Detail 1",
        "Detail 2"
      ]
    },
    {
      "name": " تجهیزات پزشکی و سلامت",
      "details": [
        "Detail 1",
        "Detail 2"
      ]
    },
    {
      "name": " تجهیزات پزشکی و سلامت",
      "details": [
        "Detail 1",
        "Detail 2"
      ]
    }
  ]
},
{
 
  "title": " ورزش و سفر",
  "items": [
    {
      "name": " ورزش و سفر",
      "details": [
        "Detail 1",
        "Detail 2"
      ]
    },
    {
      "name": " ورزش و سفر",
      "details": [
        "Detail 1",
        "Detail 2"
      ]
    },
    {
      "name": " ورزش و سفر",
      "details": [
        "Detail 1",
        "Detail 2"
      ]
    }
  ]
},
{
 
  "title": "خودرو و موتورسیکلت",
  "items": [
    {
      "name": "خودرو و موتورسیکلت",
      "details": [
        "Detail 1",
        "Detail 2"
      ]
    },
    {
      "name": "خودرو و موتورسیکلت",
      "details": [
        "Detail 1",
        "Detail 2"
      ]
    },
    {
      "name": "خودرو و موتورسیکلت",
      "details": [
        "Detail 1",
        "Detail 2"
      ]
    }
  ]
},
{
 
  "title": "ابزارآلات و تجهبزات",
  "items": [
    {
      "name": "ابزارآلات و تجهبزات",
      "details": [
        "Detail 1",
        "Detail 2"
      ]
    },
    {
      "name": "ابزارآلات و تجهبزات",
      "details": [
        "Detail 1",
        "Detail 2"
      ]
    },
    {
      "name": "ابزارآلات و تجهبزات",
      "details": [
        "Detail 1",
        "Detail 2"
      ]
    }
  ]
},
{
 
  "title": "کارت هدیه و گیفت کارت",
  "items": [
    {
      "name": "کارت هدیه و گیفت کارت",
      "details": [
        "Detail 1",
        "Detail 2"
      ]
    },
    {
      "name": "کارت هدیه و گیفت کارت",
      "details": [
        "Detail 1",
        "Detail 2"
      ]
    },
    {
      "name": "کارت هدیه و گیفت کارت",
      "details": [
        "Detail 1",
        "Detail 2"
      ]
    }
  ]
},
{
 
  "title": "کالای خوراکی و اساسی",
  "items": [
    {
      "name": "کالای خوراکی و اساسی",
      "details": [
        "Detail 1",
        "Detail 2"
      ]
    },
    {
      "name": "کالای خوراکی و اساسی",
      "details": [
        "Detail 1",
        "Detail 2"
      ]
    },
    {
      "name": "کالای خوراکی و اساسی",
      "details": [
        "Detail 1",
        "Detail 2"
      ]
    }
  ]
}

]


}


